company_name,palabra_repetida
2k,2K Games
2k,2K Games
2k games,2K Games
2k madrid,2K Games
abai,Abai Business Solutions
abai business solutions,Abai Business Solutions
abb,ABB Group
abb schweiz ag,ABB Group
abbott,Abbott Laboratories
abbott laboratories,Abbott Laboratories
accenture,Accenture
accenture españa,Accenture
acciona,Acciona
acciona,Acciona
acciona energía,Acciona
accude,Accude TI
accude ti,Accude TI
accuro technology,Accuro Technology
accuro technology s.l,Accuro Technology
acertto talent linkers,Acertto Talent Linkers
acertto talent linkers sa,Acertto Talent Linkers
acertto talent linkers | local & global recruiment | headhunters,Acertto Talent Linkers
acrelec,Acrelec
acrelec,Acrelec
acs informaticos,ACS Informáticos
acs informaticos,ACS Informáticos
acs informaticos,ACS Informáticos
addyou,AddYou
addyou,AddYou
adecco,Adecco
adecco,Adecco
adecco outsourcing,Adecco
adecco outsourcing,Adecco
adecco staffing,Adecco
aderen,Aderen Consulting
aderen,Aderen Consulting
advanced radar technologies,Advanced Radar Technologies
advanced technological knowledge s.a. (atk),ATK Soluciones
aegon,Aegon Seguros
aegon seguros,Aegon Seguros
agap2,agap2
agap2,agap2
agap2 españa,agap2
agencia de marketing digital,Agencia
agencia de publicidad y comunicación corporativa,Agencia
agencia de viajes online,Agencia
agencia enbloque,Agencia EnBloque
agencia kactus,Agencia Kactus
agencia neoattack sl,Agencia NeoAttack
agencia notarial de certificación,ANCERT Notariado
agencia polivalente,Agencia
agh iberica soluciones consulting sl.,AGH Ibérica Soluciones Consulting
agh ibérica,AGH Ibérica Soluciones Consulting
agile content,Agile Content
agile get together,Agile Content
ahorramas,Ahorramas 
ahorramas s.a,Ahorramas 
airbus,Airbus
airbus france,Airbus
airtificial a&d engineering,Airtificial Group
airtificial aerospace & defense,Airtificial Group
airtificial intelligent robots,Airtificial Group
akka,Akka Technologies
akka technologies,Akka Technologies
akka technologies,Akka Technologies
akkodis,Akkodis
akkodis,Akkodis
akuaro,Akuaro
akuaro work slu,Akuaro
alcorce telecomunicaciones,Alcorce Telecomunicaciones
alcorce telecomunicaciones s.l.,Alcorce Telecomunicaciones
alejandro,alejandro
alejandro martinez hernandez,alejandro
alicunde,Alicunde
alicunde systems s.l.,Alicunde
alight,Alight Solutions
alight solutions,Alight Solutions
allianz,Allianz
allianz technology,Allianz
almato ag,Almato
almato iberia,Almato
almato iberia slu,Almato
alovia,Alovia
"alovia consulting, s.l",Alovia
altair,Altair Engineering
altair engineering,Altair Engineering
alten,Alten
alten delivery centre spain,Alten
alten españa,Alten
alten ingeniería,Alten
alten spain,Alten
alten spain,Alten
alten spain,Alten
alter solutions españa,Alter Solutions Group
alter solutions france,Alter Solutions Group
altia,Altia
altia,Altia
"alvea soluciones tecnologicas, s.l.",Alvea Soluciones Tecnológicas
alvea soluciones tecnológicas,Alvea Soluciones Tecnológicas
amazon,Amazon
"amazon spain services, s.l.u.",Amazon
amazon web services (aws),Amazon
amc networks,AMC Networks
amc networks international southern europe,AMC Networks
amp consultores,AMP Consultores
amp software,AMP Consultores
ams solutions,AMS Solutions
ams solutions,AMS Solutions
antonio,antonio
antonio,antonio
antonio,antonio
antonio guillermo urrelo private university,antonio
"apd - algoritmos, procesos y diseños s.a",APD
apd s.a.,APD
apex group,Apex Group
apex group ltd,Apex Group
apple,Apple
apple inc.,Apple
applus+,Applus+
applus+ bkw,Applus+
applus+ idiada,Applus+
aratech,Aratech Lifestyle Technology
aratech,Aratech Lifestyle Technology
aratech lifestyle technology,Aratech Lifestyle Technology
aratech lifestyle technology,Aratech Lifestyle Technology
arelance,Arelance
arelance,Arelance
arelance,Arelance
arimany selecció de talent,Arimany Selecció de Talent
"arimany selecció talent, s.l.",Arimany Selecció de Talent
ascensium consultores,Ascensium Consultores
ascensium consultores,Ascensium Consultores
asociación autismo sevilla,Autismo Sevilla
asociación marroquí para la integración de los inmigrantes,Asociación Marroquí
asociación murciana de esclerosis múltiple (amdem),AMDEM
asseco group,Asseco Group
asseco south eastern europe,Asseco Group
aszendit,AszendIt Tech
aszendit tech,AszendIt Tech
atlantis technology,Atlantis Technology
"atlantis tecnología y sistemas, s.l.u",Atlantis Technology
atlas cloud s.l.,Atlas Cloud
atlas robots,Atlas Robots
aubay,Aubay
aubay spain,Aubay
auren,Auren International
auren digital,Auren International
auren personas,Auren International
avanade,Avanade
avanade inc.,Avanade
avanade spain,Avanade
avansel selección,Avansel Selección
avansel selección,Avansel Selección
aviva,Aviva Publicidad
aviva publicidad,Aviva Publicidad
avnet,Avnet
avnet spain,Avnet
avvale,Avvale
avvale españa,Avvale
axxis systems,Axxis Systems
"axxis systems europe, s.l.",Axxis Systems
axxon,Axxon
"axxon selecting ett, s.l.",Axxon
azertium it,Azertium IT
azertium it global services sl,Azertium IT
babel,Grupo BABEL
babel profiles,Grupo BABEL
bairesdev,BairesDev
bairesdev,BairesDev
bairesdev llc,BairesDev
"banco bilbao vizcaya argentaria, s.a.",BBVA
banco sabadell,Banco Sabadell
banco sabadell,Banco Sabadell
banco santander,Banco Santander
banco santander s. a.,Banco Santander
banco santander s.a.,Banco Santander
banco santander sa,Banco Santander
banco santander sa,Banco Santander
bbva information technology españa sl.,BBVA
bbva it españa,BBVA
bbva next technologies,BBVA
bd,BD Serveis
bd serveis - instal·lacions i seguretat,BD Serveis
bdo international,BDO
bdo spain,BDO
be beyond,Be Beyond
be beyond®,Be Beyond
be genius,BeGenius
beam suntory,Beam Inc.
beam suntory inc,Beam Inc.
bebee,BeBee
bebee professionals,BeBee
beclever,BeClever Solutions
beclever part of devoteam,BeClever Solutions
befree,Befree Tech
befree,Befree Tech
beluck,BeLuck
beluck,BeLuck
beluck,BeLuck
beonit,beonit
beonit,beonit
berkeley square,Berkeley Square IT Recruitment
berkeley square it,Berkeley Square IT Recruitment
beside,Beside Talent
beside talent,Beside Talent
between,Between Technology
between,Between Technology
between technology,Between Technology
between technology,Between Technology
between technology,Between Technology
"between technology, s.l.",Between Technology
big fish - personas & talento,Big Fish Recruitment
big fish hr,Big Fish Recruitment
big mouse,Big Mouse
bip - business integration partners,Bip Consulting
bip spain,Bip Consulting
bnp paribas corporate & institutional banking,BNP Paribas
bnp paribas leasing solutions,BNP Paribas
bnp paribas real estate,BNP Paribas
boycor,Boycor
boycor,Boycor
brandty,Brandty
"brandty (selección de personal, headhunting, consultoría rrhh).",Brandty
btd,BTD Grupo
btd grupo,BTD Grupo
business consulting school of management,BCSM
business go,Business Go
business insights,Business Insights
business insights spain,Business Insights
caf,CAF
caf (construcciones y auxiliar de ferrocarriles),CAF
caf group,CAF
caf signalling,CAF
caixabank,CaixaBank
caixabank s.a.,CaixaBank
caixabank tech,CaixaBank
came parkare,CAME Parkare
came parkare,CAME Parkare
campus san rafael,Campus
campus training,Campus
canarias,CANARIAS TELECOM
canarias telecom,CANARIAS TELECOM
canonical,Canonical
canonical - jobs,Canonical
capgemini,Capgemini
capgemini engineering,Capgemini
capitole consulting,Capitole Consulting
capitole consulting,Capitole Consulting
capitole consulting,Capitole Consulting
carlos,carlos
carlos maría rodríguez,carlos
carlos rodriguez monsalve,carlos
cas training,CAS Training
cas training,CAS Training
cas training,CAS Training
casa,Casa
"casa systems, inc.",Casa Systems
casa tarradellas,Casa Tarradellas
castellana selección,Castellana Selección
castellana selección personal,Castellana Selección
catenon,Catenon Worldwide Executive Search
catenon india,Catenon Worldwide Executive Search
"cds, a hewlett packard enterprise company",CDS
"cds, a hewlett packard enterprise company.",CDS
ce consulting,CE Consulting
ce consulting norte,CE Consulting
ce consulting norte,CE Consulting
cef,Centro de Estudios Financieros
cef centro de estudios financieros,Centro de Estudios Financieros
cei: escuela de diseño y marketing,CEI: Escuela de Diseño y Marketing
cei: escuela de diseño y marketing,CEI: Escuela de Diseño y Marketing
ceit,Centro Tecnológico CEIT
ceit centro tecnológico,Centro Tecnológico CEIT
ceit research center,Centro Tecnológico CEIT
celestica,Celestica
celestica international inc.,Celestica
celonis,Celonis
celonis se,Celonis
centro de promoción de empleo y prácticas,Empleo UGR
centro nacional de energías renovables (cener),CENER
centro tecnológico de calzado de la rioja,CTCR
centum,CENTUM Digital
centum digital,CENTUM Digital
centum digital,CENTUM Digital
centum research & technology,CENTUM Digital
changetheblock,Change the Block
changetheblock,Change the Block
check24,CHECK24
check24 españa,CHECK24
chep,CHEP
chep,CHEP
cib group españa,CIB Group
cib labs,CIB Group
cib software gmbh,CIB Group
circet,Circet
circet cableven,Circet
"circet infraestructuras de telecomunicaciones,sa",Circet
circontrol,circontrol
circontrol,circontrol
cisco,Cisco
cisco meraki,Cisco
civir,Civir IT
civir,Civir IT
cliente privado,cliente
cliente randstad,cliente
cloud fibra,Cloud Fibre
cloud marketing  work,Cloud
cloudappi,CloudAPPi
cloudappi s.l,CloudAPPi
clpu. centro de láseres pulsados,Centro de Láseres Pulsados
clpu. centro de láseres pulsados,Centro de Láseres Pulsados
cmv consultores,CMV Consultores
cmv consultores,CMV Consultores
cobser consulting,COBSER Consulting
cobser consulting,COBSER Consulting
cognizant,Cognizant
cognizant netcentric,Cognizant
"cognizant spain, cognizant technology solutions",Cognizant
colaborum,Colaborum
colaborum sl,Colaborum
colavoro,Colavoro
colavoro,Colavoro
compañía de tecnologías de la información (ti),compañía
compañía líder mundial en servicios globales de it,compañía
comunitelia comunicaciones s.l.,Comunitelia
comunitelia comunicaciones sl.,Comunitelia
con&sel15,CON&SEL15
con&sel15,CON&SEL15
consulsap,ConsulSAP
consulsap,ConsulSAP
consultia it,ConsultiaIT
consultia it sl,ConsultiaIT
consulting c3,Consulting C3
consulting esoluzion,Consulting eSoluzion
consulting solutions,Consulting Solutions
consultora,consultora
consultora en rrhh,consultora
consultora gestal,Consultora Gestal
consultora informática,consultora
consultora tecnológica,consultora
consultora tecnológica internacional,consultora
consultora tecnológica internacional,consultora
consultoria tecnológica,consultoria
consultoria y servicios tecnologicos innoqa sl,innoQA
consultoría / integración,consultoría
consultoría tecnológica,consultoría
contentsquare,Contentsquare
contentsquare,Contentsquare
conurma ingenieros consultores,Conurma Ingenieros Consultores
conurma ingenieros consultores,Conurma Ingenieros Consultores
core networks sl,Core Networks
core tech recruitment,Core Networks
coremain,Coremain
coremain,Coremain
crealogix,Crealogix
crealogix,Crealogix
criteria,Criteria
criteria recursos humanos,Criteria
cronoshare.com,Cronoshare
cronoshare.com,Cronoshare
ct ingenieros,CT Ingenieros
ct solutions group,CT Solutions
ctrl360,CTRL360
ctrl360,CTRL360
cyc,Crédito y Caución
cyc,Crédito y Caución
data adviser,Data Adviser
data world consulting ag,Data World Consulting AG
dedalus,Dedalus Global
dedalus sa,Dedalus Global
deimos engineering and systems,Elecnor
deimos space,Elecnor
deloitte,Deloitte
deloitte consulting slu,Deloitte
deloitte digital,Deloitte
deloitte empleo,Deloitte
dentsu,Dentsu
dentsu creative spain,Dentsu
desigual,Desigual
desigual,Desigual
devoteam,Devoteam
devoteam data driven denmark,Devoteam
devoteam m cloud,Devoteam
devoteam spain,Devoteam
digi,DigiMobil
digi mobil,DigiMobil
digi spain telecom,DigiMobil
digi spain telecom,DigiMobil
digihunting,DigiHunting
digihunting,DigiHunting
digital cubik - diseño web y marketing digital,Digital Cubik
digital gold sl,Digital Gold
digital group,Digital Group
digital preventor,Digital Preventor
digital silk - growing brands online,Digital Silk
digital solutions 324 sl,Digital solutions 324
digital sur sca,Digital Sur
digital talent agency,Digital Talent Agency
digital talent agency zona centro,Digital Talent Agency
digital talent agency zona este,Digital Talent Agency
digital talent agency zona sur,Digital Talent Agency
digital technology preventor,Digital Preventor
"digital technology preventor 2020, s.l.",Digital Preventor
digital training,Digital Group
digital trends marketing,Digital Trends Marketing
docplanner,Docplanner Group
docplanner,Docplanner Group
e-frontiers,e-frontiers
e-frontiers,e-frontiers
eclipse eventos,Eclipse Eventos
eclipse eventos sevilla.,Eclipse Eventos
econocom servicios,Grupo Econocom
econocom servicios,Grupo Econocom
edreams,eDreams
edreams odigeo,eDreams
eduardo,eduardo
eduardo,eduardo
edwards lifesciences (spain),Edwards Lifesciences
edwards lifesciences corp,Edwards Lifesciences
el cactus,elCactus
el grupo lps,LPS Grupo
el nombre de la empresa está oculto,el
el ranchito imagen digital,El Ranchito
el xuixo de can castelló,Xuixo Castelló
elecnor,Elecnor
elecnor deimos,Elecnor
eltec it services,Eltec IT Services
eltec it services,Eltec IT Services
emais grupo,Emais Grupo
"emais servicios integrales, sl",Emais Grupo
empresa,empresa
empresa anonima,empresa
"empresa con presencia internacional que lleva más de 35 años desarrollando proyectos de ingeniería, arquitectura, consultoría estratégica y tecnologías de la información, para el sector de transportes",empresa
empresa confidencial,empresa
empresa consolidada en el mercado,empresa
empresa de comunicación,empresa
empresa de informática,empresa
empresa de instalacion,empresa
empresa de mantenimiento informático,empresa
empresa de productos textiles para el hogar,empresa
empresa de programación y desarrollo de paginas web y aplicaciones,empresa
empresa de seguridad y vigilancia,empresa
empresa de seleccion de talentos,empresa
empresa de selección,empresa
empresa de servicios informáticos en expansión,empresa
"empresa de servicios y soluciones de formación, consultoría y outsourcing",empresa
empresa de telecomunicaciones,empresa
empresa dedicada a la importacion de productos dentales,empresa
empresa dedicada al marketing y el diseño,empresa
empresa del sector de gestión y sistemas de acceso de aparcamientos,empresa
"empresa del ámbito de la ingeniería, telecomunicaciones y tecnologías de la información, dedicada a proyectos de soporte tic",empresa
empresa especializada en soluciones software y hardware,empresa
empresa joven dedicada a dar soporte informatico a la pequeña y mediana empresa,empresa
empresa líder en ingeniería a nivel europeo,empresa
empresa líder en ingeniería y consultoría de telecomunicaciones,empresa
empresa multinacional,empresa
empresa que se dedica a la venta de equipos tecnológicos,empresa
empresa reconocida,empresa
empresa reconocida,empresa
empresa retail,empresa
empresa sectorinformatica y telecomunicación,empresa
empresa sectorinformatica y telecomunicación,empresa
empresa tecnologica,empresa
empresa tecnologica,empresa
empresa tecnológica,empresa
empresa tecnológica de gestión,empresa
"enecworld iberica, sl",EnecWorld
enecworld ibérica,EnecWorld
entelgy,Entelgy
entelgy - resto de españa,Entelgy
entelgy ibai,Entelgy
entelgy innotec security,Entelgy
eosol,EOSOL Group
eosol group,EOSOL Group
ernst & young advisory services sdn bhd,EY
ernst & young llp,EY
estudio,estudio
estudio contable lm&a,Estudio Contable LM&A
estudio matias,Estudio Matías
etalentum,Etalentum
etalentum,Etalentum
etalentum,Etalentum
etalentum group,Etalentum
etalentum selección,Etalentum
eulen,Grupo Eulen
eulen flexiplán,Grupo Eulen
eulen flexiplán selección,Grupo Eulen
eulen limpieza y mantenimiento,Grupo Eulen
eulen selección,Grupo Eulen
eurecat - centro tecnológico de catalunya,Eurecat
eurecat - centro tecnológico de cataluña,Eurecat
eurecat centro tecnológico de catalunya,Eurecat
eurocontrol,Eurocontrol
eurocontrol,Eurocontrol
eurocontrol sa,Eurocontrol
eurocontrol sa (telecomunicaciones),Eurocontrol
eurofins,Eurofins Megalab
eurofins scient.,Eurofins Megalab
eurofirms,Grupo Eurofirms
eurofirms foundation | eurofirms group,Grupo Eurofirms
eurofirms group | people first,Grupo Eurofirms
everis,Everis Consultancy Limited
everis,Everis Consultancy Limited
everis spain,Everis Consultancy Limited
evolutio,Evolutio Cloud Enabler
evolutio empowering the cloud,Evolutio Cloud Enabler
excelia,Excelia
excelia,Excelia
exis-ti,Exis TI
exis-ti,Exis TI
experience,experience
experience ai solutions,Experience AI Solutions
experience ingenieríayservicios,eXperience IT Solutions
experience it solutions,eXperience IT Solutions
experience it solutions,eXperience IT Solutions
experis,Experis
experis españa,Experis
experis it,Experis
experis manpower group,Experis
experis selección,Experis
experis spain,Experis
explanandum,Explanandum
explanandum,Explanandum
expleo,Expleo Group
expleo group,Expleo Group
factech,FacTECH Servicios Informáticos
factech servicios informáticos,FacTECH Servicios Informáticos
fcc,Grupo FCC
fcc industrial,Grupo FCC
fed it,Fed IT
fed it españa,Fed IT
ferchau,Ferchau
ferchau,Ferchau
ferchau spain,Ferchau
ferchau spain,Ferchau
fever,Fever
fever españa,Fever
fhios smart knowledge,Fhios Smart Knowledge
fhios smart knowledge,Fhios Smart Knowledge
fhios smart knowledge,Fhios Smart Knowledge
flowtec,Flowtec Group
flowtec group,Flowtec Group
food experts,Food Experts
food rush delivery-s,Food Rush Delivery
formación on,FormacionON
formación para el empleo grupo garcía ibáñez,Grupo Garcia Ibañez
formel d gmbh,Formel D
formel d group,Formel D
foundever,Foundever
foundever españa,Foundever
francisco,francisco
francisco javier,francisco
fujitsu,Fujitsu
fujitsu limited,Fujitsu
fundacion adecco,Adecco
fundacion id software libre,fundacion
fundació per a la recerca sant joan de déu,Fundació Sant Joan de Déu
fundació pere tarrés,Fundació Pere Tarrés
fundación cetim,CETIM
fundación dfa,Fundación Dfa
fundación diagrama,Fundación Diagrama
fundación goodjob,Fundación GoodJob
fundación randstad,Randstad
fundación social innolabs,Innolabs
fundación socialinnolabs,Innolabs
fundación socialinnolabs,Innolabs
fundación universia,Universia
fundación valenciaport,Fundación Valenciaport
future space s.a.,Future Space
future track,Future Space
garaje de ideas,Garaje de Ideas
garaje de ideas,Garaje de Ideas
gartner,Gartner
gartner careers,Gartner
gctplus ett,GCTplus
"gctplus ett, s.l.",GCTplus
geekfox,GeekFox
geekfox,GeekFox
geekshubs,GeeksHubs Academy
geekshubs 🚀 𝗜𝗺𝗽𝘂𝗹𝘀𝗮𝗺𝗼𝘀 { 𝘁𝗮𝗹𝗲𝗻𝘁𝗼 𝘁𝗲𝗰𝗵 },GeeksHubs Academy
gestelcom servicios,Gestelcom Servicios
gestelcom servicios,Gestelcom Servicios
gft technologies,GFT Technologies
gft technologies se,GFT Technologies
gi group,Gi Group ETT
gi group,Gi Group ETT
gi group spa,Gi Group ETT
global human capital group,Global Human Capital Group
global human consultants,Global Human Consultants
global rail group,Global Rail Group
global savings group,Global Savings Group
global sio,Global SIO
globant,Globant
globant commerce studio,Globant
gms management solutions s. l,GMS Management Solutions
gms management solutions s.l,GMS Management Solutions
gmv,GMV
gmv,GMV
gmv spain,GMV
goal systems,Goal Systems
goal systems,Goal Systems
govertis,Govertis
govertis,Govertis
graon,Graon
graon recruiting technologies,Graon
green code s&s it,Green Code Soluciones y Servicios IT
green recruitment company,Green Recruitment Company
group h. top hotels,htophotels Group
group mecalux,Mecalux
grup adtel,Grupo ADTEL
grup arts gràfiques 1997 s.l.,Grup Arts Grafiques 1997
grup policlinic,Grup Policlínic
grup rv,Grup Rosa dels Vents
"grupo afronta, s.l.",Grupo Afronta
grupo air go express,Grupo Air Go Express
grupo aire,Grupo Aire
grupo aldesa,Grupo Aldesa
grupo arestora,Grupo Arestora
grupo atlante,Grupo Atlante
grupo avintia,Grupo Avintia
grupo avizor,Grupo Avizor
grupo azahara de comunicaciones s.a.,Grupo Azahara de Comunicaciones
grupo belleza sl.,Grupo Belleza
grupo binternational,Grupo Binternational
grupo casfid,Grupo CASFID
grupo chg,Grupo CHG
grupo cmc,Grupo CMC
grupo cmc,Grupo CMC
grupo cobra,Grupo Cobra
grupo cooperativo cajamar,Grupo Cooperativo Cajamar
grupo coremsa,Grupo Coremsa
grupo corporativo caliche,Grupo Corporativo Caliche
grupo crit,Grupo Crit
grupo crit,Grupo Crit
grupo crit,Grupo Crit
grupo cursach,Grupo Cursach
grupo d.c.,Grupo DC
grupo dara innovación tecnológica,Grupo Dara
grupo de ingeniería mundial,grupo
grupo dia,Grupo Dia
grupo digital,Grupo Digital
grupo disa,Grupo DISA
grupo elecnor,Elecnor
grupo empresarial español,grupo
grupo empresarial jumo,Grupo Empresarial JUMO
grupo enertel,Grupo Enertel
grupo eroski,Grupo Eroski
grupo eulen,Grupo Eulen
grupo eulen,Grupo Eulen
grupo exo,Grupo EXO
grupo gastroadictos,Grupo Gastroadictos
grupo hasten,Grupo Hasten
grupo hedima,Grupo Hedima
grupo hotusa,Grupo Hotusa
grupo humact,Grupo Humact
grupo ica,Grupo Ica
grupo iman,Grupo Iman
grupo imase,Grupo Imase
grupo ingertec,Grupo Ingertec
grupo innovaly,Grupo Innovaly
grupo innovation,Grupo Innovation
grupo inprex,Grupo Inprex
grupo integra xxi sociedad limitada,Grupo Integra Xxi Sociedad Limitada
grupo invoin,Grupo Invoin
grupo invoin,Grupo Invoin
grupo juicy brands,Grupo Juicy Brands
grupo kirol,Grupo Kirol
grupo lanak,Grupo Lanak
grupo libertad,Grupo Libertad
grupo marwen calsan,Grupo Marwen Calsan
grupo marzo professional services,Grupo Marzo Professional Services
grupo masmovil,Grupo Masmovil
grupo metronia,Grupo Metronia
grupo microserver,Grupo Microserver
grupo microsyscom,Grupo Microsyscom
grupo moga,Grupo Moga
grupo new tandem,Grupo New Tandem
grupo noa's,Grupo Noa'S
grupo noria,Grupo Noria
grupo nortempo,Grupo Nortempo
grupo ns,Grupo Ns
grupo ns,Grupo Ns
grupo ns,Grupo Ns
grupo oesia,Grupo Oesia
grupo oesía,Grupo Oesía
grupo oesía,Grupo Oesía
grupo pampling,Grupo Pampling
grupo proeduca,Grupo Proeduca
grupo proeduca,Grupo Proeduca
grupo prosegur,Grupo Prosegur
grupo quiter,Grupo Quiter
grupo ruiz,Grupo Ruiz
grupo segura,Grupo Segura
grupo sermicro,Grupo Sermicro
grupo sia,Grupo Sia
"grupo siteg, s.l.","Grupo Siteg, S.L."
grupo snb,Grupo Snb
grupo solutia,Grupo Solutia
grupo solutio,Grupo Solutio
grupo solutio,Grupo Solutio
grupo sorona,Grupo Sorona
grupo sothis,Grupo Sothis
grupo tecdata engineering,Grupo Tecdata Engineering
grupo tecopy,Grupo Tecopy
grupo temporing,Grupo Temporing
grupo tesalia,Grupo Tesalia
grupo tragsa,Grupo Tragsa
grupo trc,Grupo Trc
grupo ulma,Grupo Ulma
grupo v3,Grupo V3
grupo vespok,Grupo Vespok
grupo vespok,Grupo Vespok
grupo viatek,Grupo Viatek
grupo vigilant,Grupo Vigilant
grupo wis,Grupo Wis
gt linkers,Gt Linkers
gt motive,GT Motive
gt motive spain,GT Motive
hasten group,Hasten Group
hasten group,Hasten Group
hays,Hays
hays,Hays
hays working for your tomorrow,Hays
hh hunters,HH HUNTERS
hh hunters,HH HUNTERS
hiberus,Hiberus Tecnología
hiberus,Hiberus Tecnología
hiberus tecnologia,Hiberus Tecnología
highlander,Highlander
highlander,Highlander
highlander recruitment sl,Highlander
highlander recruitment sl,Highlander
"hitachi automotive systems americas, inc.",Hitachi Automotive Systems
hitachi careers,Hitachi Automotive Systems
hitachi vantara,Hitachi Automotive Systems
hola,Hola Consultores
hola consultores sl,Hola Consultores
"hola consultores, sl",Hola Consultores
hotel investment partners,HIP Hotel Investment Partners
hotel treats,Hotel Treats
hp,HP
hp scds,HP
hr innovate,HR Innovate
hr path,HR Path
hubtalent,Hubtalent
hubtalent,Hubtalent
human edge,Human Edge Management
human selection,Human Selection
human simbio consulting,Human Simbio Consulting
"iberdrola, s.a.",Iberdrola
"iberdrola, s.a.",Iberdrola
ices sa,ICES
ices sa,ICES
icon,Icon Group
icon - emea,Icon Group
icon ingenieros sl,Icon Group
icon multimedia,Icon Group
icon strategic solutions - emea,Icon Group
icp,ICP Logística
icp logística,ICP Logística
iddtek,Iddtek
iddtek,Iddtek
"iddtek ingeniería, diseño, desarrollo",Iddtek
iddtek – talento al servicio de la industria,Iddtek
idealista,Idealista
idealista,Idealista
idemia,IDEMIA
idemia,IDEMIA
ilunion capital humano ett,ILUNION Capital Humano
ilunion facility services,ILUNION Capital Humano
iman global consulting,IMAN Global Consulting
iman global consulting,IMAN Global Consulting
iman temporing,IMAN Temporing ETT
iman temporing ett,IMAN Temporing ETT
"iman temporing ett, s.l.",IMAN Temporing ETT
importante consultora tecnológica,importante
importante empresa,importante
importante empresa,importante
importante empresa del sector,importante
importante empresa del sector it.,importante
importante multinacional del sector químico,importante
indra,Indra Sistemas
indra sistemas,Indra Sistemas
inetum,Inetum
inetum norte,Inetum
informatica,informatica
informatica astron multimedia s.l,Informática Astron Multimedia
informatica astron s.l,Informática Astron Multimedia
informatica astron s.l,Informática Astron Multimedia
infortec consultores,Infortec Consultores
infortec consultores,Infortec Consultores
"infortec consultores, s.a.u- centro",Infortec Consultores
ingefor,INGEFOR Consultores
ingefor international,INGEFOR Consultores
ingefor international,INGEFOR Consultores
ingenieria informatica,ingenieria
ingenieria informatica empresarial,ingenieria
innova automatización s.l,Innova IT
innova it,Innova IT
"innova it, sl",Innova IT
innova tech nc enterprise,Innova IT
innovery,Innovery
innovery españa,Innovery
instalaciones publicitarias granada,Instalaciones Publicitarias
"instalaciones tecnosegur, s.l.",Tecnosegur
instituto cambridge,Cambridge Institute
instituto canario psicología empresarial sl,INPSI
instituto tecnológico de informática,ITI
integra tecnología,Integra Tecnología
integra tecnología y comunicación,Integra Tecnología
intelygenz,Intelygenz
intelygenz,Intelygenz
intelygenz s.a,Intelygenz
interempleo,Interempleo
interempleo ett,Interempleo
intrum,Intrum
intrum ab,Intrum
invoin,Grupo INVOIN
invoin,Grupo INVOIN
invoin consulting,Grupo INVOIN
invoin technology,Grupo INVOIN
inycom,Inycom
inycom,Inycom
io digital,IO Digital
io interactive,IO Interactive
io investigación,IO Investigación
ioon,Ioon Technologies
ioon,Ioon Technologies
ioon technologies,Ioon Technologies
ioon technologies slu,Ioon Technologies
irium,Irium Soluciones Y Sistemas
irium - spain,Irium Soluciones Y Sistemas
irium - spain,Irium Soluciones Y Sistemas
irium soluciones y sistemas,Irium Soluciones Y Sistemas
iscarem human resources,ISCAREM Human Resources
"iscarem human resources, s.l.",ISCAREM Human Resources
isprox,ISPROX
isprox work solutions,ISPROX
iss profesionalia,ISS Profesionalia
iss profesionalia                     it technology: 18 years making it human!,ISS Profesionalia
it business vision,IT Business Vision
it human resources,IT Human Resources
it partner,IT Partner
it partner españa,IT Partner
it recruiter talent s.l.,It Recruiter Talent
it rescue,IT Rescue
it sicap consultoría y sistemas,ITSICAP
italenters,iTalenters
italenters,iTalenters
izertis,Izertis
izertis,Izertis
izertis,Izertis
izertis s. a,Izertis
izertis s.a,Izertis
izertis s.a,Izertis
j  javier,j
j j r,j
javier,javier
javier,javier
javier rodríguez,javier
jose,jose
jose,jose
jose jordan,jose
jose luis,jose
jose luis,jose
jose maria,jose
jose miguel,jose
josé,josé
josé antonio garcia,josé
josé manuel,josé
jpc informatica y comunicaciones sl,JPC Informática y Comunicaciones
"jpc informática y comunicaciones, s.l.",JPC Informática y Comunicaciones
juan,juan
juan,juan
junta de andalucia,Junta de Andalucía
junta de andalucía,Junta de Andalucía
k-infotec,K Infotec Sistemas
k-infotec sistemas,K Infotec Sistemas
k-infotec sistemas s.a.u,K Infotec Sistemas
k2 capo slu,K2 Capo
k2 partnering,K2 Partnering Solutions
k2 partnering solutions,K2 Partnering Solutions
k2 talent solutions,K2 Partnering Solutions
kairós digital solutions,Kairós Digital Solutions
kairós digital solutions s.l.,Kairós Digital Solutions
kaizen institute western europe,Kaizen Talent
kaizen talent,Kaizen Talent
kapres technology,Kapres Technology
"kapres technology, s.l.",Kapres Technology
kapsch,Kapsch TrafficCom
kapsch trafficcom ag,Kapsch TrafficCom
kapsch trafficcom transportation s.a.u.,Kapsch TrafficCom
kapsch trafficcom transportation sau,Kapsch TrafficCom
keapps,Keapps
keapps,Keapps
keapps,Keapps
keyrus,Keyrus
keyrus sea,Keyrus
keyrus spain,Keyrus
kiteris,Kiteris Solutions
kiteris solutions,Kiteris Solutions
kpmg,KPMG
kpmg asesores a coruña,KPMG
kpmg asesores barcelona,KPMG
kpmg españa,KPMG
kpmg ireland,KPMG
kpmg spain,KPMG
krell consulting,Krell Consulting
krell consulting & training,Krell Consulting
"krell consulting & training, s.l.",Krell Consulting
krell consulting &amp; training,Krell Consulting
krell-consulting,Krell Consulting
krell-consulting,Krell Consulting
kyndryl,Kyndryl
"kyndryl españa, s.a.",Kyndryl
la casa del pc,La Casa Del Pc
la e factoría,La E Factoria
la fabrica de software y hardware sl,La Fabrica De Software Y Hardware
la rueca,La Rueca
la teva web,La Teva
laboratorios morales soler sl,Laboratorios Morales Soler
laboratorios natysal,Laboratorios Natysal
leadtech,Leadtech Group
leadtech group,Leadtech Group
leitat - centro tecnológico,Leitat Technological Center
leitat technological center,Leitat Technological Center
lhh,IHH Recruitment Solutions
lhh recruitment solutions,IHH Recruitment Solutions
lifull connect,Lifull Connect
lifull connect,Lifull Connect
ljselection,LJselection
ljselection,LJselection
lks next,LKS NEXT
lks selection & training management,LKS NEXT
logicalis,Logicalis
logicalis gmbh,Logicalis
logicalis spain,Logicalis
lognext,Lognext
lognext,Lognext
looking for talent consultora de rrhh,Looking For Talent
looking for talent consultores,Looking For Talent
lynx view,Lynx View
lynx view,Lynx View
lãberit,Lãberit
lãberit,Lãberit
"líder del sector de alimentación y bebidas, con arraigada cultura familiar, en constante desarrollo y expansión nacional e internacional.",líder
líder nacional del sector en formación on-line y a distancia,líder
m47 labs,M47 Labs
"m47 labs & international fiducia, s.l.",M47 Labs
magtel,Magtel
magtel,Magtel
malthus darwin,Malthus Darwin
malthus darwin,Malthus Darwin
manpowergroup españa,ManpowerGroup
manpowergroup talent solutions,ManpowerGroup
marketing digital náutico,marketing
marketing social media,marketing
marlex,Marlex Human Capital
marlex human capital,Marlex Human Capital
marlex interim,Marlex Human Capital
marqués,Marques Soluciones TIC
marqués | soluciones tecnológicas para empresas,Marques Soluciones TIC
materialise,Materialise
materialise nv,Materialise
mecalux,Mecalux
mecalux levante sa,Mecalux
mensoft consultores s.l,Mensoft Consultores
"mensoft consultores, s.l",Mensoft Consultores
mercadona,Mercadona
mercadona sa,Mercadona
merkle,Merkle
merkle spain,Merkle
metrica consulting,Metrica Consulting
"metrica consulting, s.l",Metrica Consulting
mia advanced systems,Mia Advanced Systems
mia advanced systems,Mia Advanced Systems
mia advanced systems,Mia Advanced Systems
michael,michael
michael page,PageGroup
michael page,PageGroup
michael page españa,PageGroup
michelin,Michelin
michelin oy,Michelin
microsoft,Microsoft
microsoft corporation,Microsoft
miguel,miguel
miguel angel,miguel
miguel jose,miguel
minsait,Minsait Consultoría
minsait (indra soluciones ti),Minsait Consultoría
mnemo,MNEMO Servicios TI
mnemo servicios ti,MNEMO Servicios TI
moffatt & nichol,Moffat & Nichol
moffatt and nichol,Moffat & Nichol
moffatt and nichol,Moffat & Nichol
montaner,Montaner & Asociados
montaner & asociados,Montaner & Asociados
montared fiber,Montared Fiber
montared fiber,Montared Fiber
morgan philips executive search,Morgan Philips Group
morgan philips group,Morgan Philips Group
mudanzas la seda,Mudanzas La Seda
mudanzas plata,Mudanzas Plata
"ncs seguridad, s.l.",NCS Seguridad
ncs spain,NCS Seguridad
neoland,Neoland
neoland (madrid),Neoland
neoris,Neoris
neoris,Neoris
neotalent,Neotalent
neotalent,Neotalent
nestlé,Nestlé
nestlé operational services worldwide sa gtp,Nestlé
netcheck,Netcheck
netcheck,Netcheck
new relic,New Relic
"new relic, inc.",New Relic
new tandem,New Tandem
new tandem sim,New Tandem
nextret,Nextret
nextret,Nextret
nexttic,Nexttic
nexttic,Nexttic
nigel frank,Nigel Frank: Microsoft Recruitment
nigel frank international,Nigel Frank: Microsoft Recruitment
nigel frank international limited,Nigel Frank: Microsoft Recruitment
nous,Nous Gestion De Proyectos IT
nous,Nous Gestion De Proyectos IT
nous gestión de proyectos it,Nous Gestion De Proyectos IT
nous gestión de proyectos it,Nous Gestion De Proyectos IT
nova notio s.l.,Novanotio
nova studio,NOVA Studio
novanotio,Novanotio
novanotio,Novanotio
novartis,Novartis Farmacéutica
"novartis farmacéutica, s.a.",Novartis Farmacéutica
novatec,Novatec Software
novatec software engineering españa sl,Novatec Software
npaw spain,NPAW
npaw spain,NPAW
npr spain,NPR
npr spain,NPR
ntt,NTT DATA
ntt data,NTT DATA
ntt data corporation,NTT DATA
ntt data europe & latam,NTT DATA
ntt data ofertas de empleo profesionales,NTT DATA
ntt ltd.,NTT DATA
ntt spain intelligent technologies and services s.l.u.,NTT DATA
nucleoo,Nucleoo
nucleoo,Nucleoo
nunsys,Nunsys
nunsys,Nunsys
nuvolar,Nuvolar Works
nuvolar works,Nuvolar Works
o2o,O2O Digital Strategy
o2o - one2one digital strategy,O2O Digital Strategy
oca global,OCA Global
oca global,OCA Global
odilo,Odilo
odilo,Odilo
ofg,O.F.G. Adquisiciones e Ingeniería
ofg adquisiciones e ingeniería,O.F.G. Adquisiciones e Ingeniería
ofg ingenierã­a y adquisiciones s.l.,O.F.G. Adquisiciones e Ingeniería
ofg ingeniería y adquisiciones s.l.,O.F.G. Adquisiciones e Ingeniería
ofg ingeniería y adquisiciones s.l.,O.F.G. Adquisiciones e Ingeniería
oficina,oficina
oficina de empleo ▪️ comunidad de madrid,Oficina de Empleo
oficina de treball del soc,Oficines de Treball
oficina del servicio andaluz de empleo,Oficina de Empleo
oliver james,Oliver James Associates
oliver james associates,Oliver James Associates
omega crm,Omega CRM
omega crm consulting,Omega CRM
"omega crm, a merkle company",Omega CRM
one player mission,OPM Jobs
one totem,One Totem
ong,ong
ong,ong
oracle,Oracle
oracle corporation,Oracle
orange fish s.l,Orange Fish Group
orange quarter,Orange Quarter
orbital critical systems,Grupo CAF
orbital grupo caf,Grupo CAF
orizon soluciones tecnologicas,Orizon Soluciones Tecnológicas
orizon soluciones tecnologicas,Orizon Soluciones Tecnológicas
orizon soluciones tecnologicas,Orizon Soluciones Tecnológicas
oxigent technologies,Oxigent Technologies
oxigent technologies,Oxigent Technologies
ozona tech,Ozona Tech
ozona tecnología,Ozona Tech
page personnel,PageGroup
page personnel / selección de personal (temporal e indefinido),PageGroup
page personnel es,PageGroup
page personnel españa,PageGroup
page personnel ett,PageGroup
page personnel ett,PageGroup
page personnel ett,PageGroup
page personnel spain,PageGroup
panel sistemas informaticos,Panel Sistemas Informáticos
panel sistemas informáticos,Panel Sistemas Informáticos
panel sistemas informáticos,Panel Sistemas Informáticos
paradigma (pdgm),Paradigma Digital
paradigma digital,Paradigma Digital
payfit,PayFit
payfit france,PayFit
pedro antonio,pedro
pedro yañez,pedro
pepsico,Pepsico
pepsico deutschland gmbh,Pepsico
pertemps erp,Pertemps Network Group
pertemps erp (part of network emea),Pertemps Network Group
phicus tecnología,Phicus Tecnología
"phicus tecnología, s.l.",Phicus Tecnología
pimec,Pimec Jobs
pimec jobs,Pimec Jobs
planeta huerto,Planeta Huerto
planeta huerto career,Planeta Huerto
plexus,Plexus Tech
plexus tech,Plexus Tech
polygon,Polygon Technology
polygon technology,Polygon Technology
pos crm,POS Digital Solutions
pos digital solutions,POS Digital Solutions
power electronics,Power Electronics
power factors,Power Factors
ppg,PPG Industrial Coatings
ppg coatings deutschland gmbh,PPG Industrial Coatings
primeit,Primeit
primeit españa,Primeit
procesia,Procesia Proyectos y Servicios
procesia,Procesia Proyectos y Servicios
procesia proyectos y servicios,Procesia Proyectos y Servicios
prodware,Prodware
prodware españa,Prodware
proport project control,Proport Project Control
proport project control,Proport Project Control
prosegur,Prosegur
prosegur,Prosegur
psicotec,Psicotec
psicotec,Psicotec
psicotec sa,Psicotec
pss,PSS
pss,PSS
pss tecnologías de la información,PSS
ptv telecom,PTV Telecom
ptv telecom,PTV Telecom
pwc,PWC
pwc españa,PWC
q-tech,Q-tech IT Recruitment
q-tech,Q-tech IT Recruitment
q-tech recruitment consultants,Q-tech IT Recruitment
quental,Quental Technologies
quental technologies,Quental Technologies
randstad,Randstad
randstad  technologies centro,Randstad
randstad es,Randstad
randstad españa,Randstad
randstad professionals,Randstad
randstad spain,Randstad
randstad technologies,Randstad
randstad technologies españa,Randstad
rawson bpo,Rawson BPO
rawson bpo,Rawson BPO
rdt,RDT Engineers
rdt engineers,RDT Engineers
rdt ingenieros,RDT Engineers
rdt ingenieros,RDT Engineers
red commerce,RED Global
red global,RED Global
red global,RED Global
red hat,Red Hat
red hat software,Red Hat
red hospitalaria recoletas,Grupo Recoletas Red Hospitalaria
remote and talent,Remote and Talent
remote team solutions,Remote Team Solutions
remote tech solutions sl,Remote Team Solutions
repsol,Repsol
repsol europe finance sarl,Repsol
ria,Ria Money Transfer
ria money transfer,Ria Money Transfer
ricoh,Ricoh
ricoh españa,Ricoh
ricoh españa,Ricoh
roadsurfer,Roadsurfer
roadsurfer gmbh,Roadsurfer
robert bosch españa fabrica madrid sa,Bosch
robert walters,Robert Walters
robert walters spain,Robert Walters
rosoftware,Rosoftware
rosoftware,Rosoftware
ruben,ruben
ruben z,ruben
sandav,Sandav Consultores
sandav,Sandav Consultores
sandav consultores,Sandav Consultores
santander,Banco Santander
santander digital services,Banco Santander
scalian,Scalian
scalian spain,Scalian
schneider electric,Schneider Electric
schneider electric industries sas,Schneider Electric
sci serviclients - barcelona,SCI Serviclients
sci serviclients informática sl,SCI Serviclients
sci – serviclients informatica,SCI Serviclients
sdad iwantic s. l.,Iwantic
sdad iwantic s.l.,Iwantic
sdi digital group,SDi Digital Group
sdi soluciones informáticas,SDi Digital Group
seat code,Seat
seat sa,Seat
sebastián consultores,Sebastián Consultores
sebastián consultores,Sebastián Consultores
sectorea,Sectorea IT
sectorea it,Sectorea IT
sectorea it seleccion,Sectorea IT
securitas,Securitas Direct
securitas direct,Securitas Direct
securitas direct españa s.a.u,Securitas Direct
securitas seguridad españa,Securitas Direct
securitas seguridad españa s.a.,Securitas Direct
sedaser soluciones tecnologicas s.l.,Sedaser Soluciones Tecnológicas
sedaser soluciones tecnológicas,Sedaser Soluciones Tecnológicas
segula technologies,Segula Technologies
segula technologies - barcelona,Segula Technologies
seguridad a medida,seguridad
seguridad control y detección ( second ),seguridad
seidor,Seidor
seidor,Seidor
seidor,Seidor
seidor opentrends,Seidor
seis maquinaria,Seis Maquinaria
"seis maquinaria, sll",Seis Maquinaria
selecta digital,Selecta Digital
selecta selección de talento,Selecta Digital
seltime,Seltime
seltime sl,Seltime
sener,SENER Aeroespacial y Defensa
sener,SENER Aeroespacial y Defensa
sener aeroespacial,SENER Aeroespacial y Defensa
sener en aeroespacial,SENER Aeroespacial y Defensa
sener en aeroespacial,SENER Aeroespacial y Defensa
serbatic,Serbatic
serbatic,Serbatic
serem,Serem
serem,Serem
serem consultoría empresarial,Serem
seres,Seres
seres (docaposte),Seres
sermicro,Sermicro
sermicro,Sermicro
"servicios de programación, consultoria y otras activ. informaticas",servicios
servicios integrales de informática,servicios
serviguidebpo,ServiguideBPO
serviguidebpo,ServiguideBPO
set europa,SET Europa
set europa,SET Europa
setesca,Setesca Talent
setesca,Setesca Talent
setesca talent,Setesca Talent
shot edit estudio,Shot edit Estudio
shot edit estudio,Shot edit Estudio
siemens,Siemens
siemens energy,Siemens
siemens gamesa,Siemens
siemens gamesa renewable energy,Siemens
"siemens gamesa renewable energy, s.a.",Siemens
signify,Signify Technology
signify netherlands b.v.,Signify Technology
signify technology,Signify Technology
sistemas de datos sl,Sistemas de Datos
sistemas integrales cualificados,S.I.C. Sistemas
sistemas técnicos interactivos sl,Sistemas Técnicos Interactivos
sm2,Sm2 Software & Services Management
sm2 software & services management s.a.,Sm2 Software & Services Management
smartway studio,SmartWay Studio
smartway vp,SmartWay VP
smx services & consulting,SMX Services & Consulting
smx usa,SMX Services & Consulting
sngular,Sngular
sngular,Sngular
social point,Social Point
social you,Socialyou
"social you, s.l.",Socialyou
"social you, sl",Socialyou
sociedad ibérica de construcciones eléctricas,SICE
sociedad textil lonia,Sociedad Textil Lonia
softtek,Softtek
softtek,Softtek
sollers consulting,Sollers Consulting
sollers consulting sp. z o.o.,Sollers Consulting
soltel,Soltel Group
soltel group,Soltel Group
soluciones informáticas,soluciones
"soluciones tecnológicas en i+d e ingenieria, en outsourcing y en representación del talento",soluciones
sopra steria,Sopra Steria
sopra steria españa,Sopra Steria
sosmatic,Sosmatic
sosmatic,Sosmatic
sosmatic,Sosmatic
sotec consulting,Sotec Consulting
sotec consulting,Sotec Consulting
source group international,Source Group International
source technology,Source Technology
stockholm precision tools,Stockholm Precision Tools
stockholm precision tools ab (spt),Stockholm Precision Tools
stratesys,Stratesys
stratesys,Stratesys
swiss re,Swiss Re Group
swiss re,Swiss Re Group
sygris,Sygris
sygris,Sygris
syneos health,Syneos Health
syneos health clinical,Syneos Health
synergie,Synergie
"synergie t.t., e.t.t. comunidad de madrid",Synergie
synergie tt ett sau,Synergie
t-systems,T-Systems
t-systems iberia,T-Systems
talent,talent
talent 4.0,talent
talent arete,talent
talent areté,talent
talent brand,talent
talent hackers,talent
talent match,talent
talent search people,talent
talent services [grupo castilla],talent
tecnalia,Tecnalia
tecnalia,Tecnalia
tecnalia research & innovation,Tecnalia
tecnoderecho,Tecnoderecho Sistemas
tecnoderecho sistemas,Tecnoderecho Sistemas
telefónica,Telefónica
telefónica soluciones de outsourcing,Telefónica
telefónica tech,Telefónica
teleperformance,Teleperformance
teleperformance portugal,Teleperformance
televes,Televes Corporation
televes corporation,Televes Corporation
thales,Thales
"thales españa grp, s.a.u.",Thales
"thales españa sistemas, s.a.u.",Thales
the adecco group,Adecco
the adecco groupe,Adecco
the art of living in spain,The Art of Living in Spain
the boston consulting group,Boston Consulting Group
the cocktail,The Cocktail
the consulting solutions,The Consulting Solutions
the cornerstone talent,The Cornerstone Talent
the dream shop sl,The Dream Shop
the esports network- jobboard,The eSports Network
the fini company es,The Fini Company
the heineken company,The Heineken Company
the ingenious laboratory,The Ingenious Laboratory
the jump,The Jump
the knot worldwide,The Knot Worldwide
the multiplayer group (mpg),The Multiplayer Group
"the ogilvy group, llc",The Ogilvy Group
the recycle room,The Recycle Room
the sales gang,The Sales Gang
the ticket merchant,The Ticket Merchant
the tmrw foundation,The Tmrw Foundation
the weir group plc,The Weir Group Plc
the white team,The White Team
the whiteam,The Whiteam
the wise seeker,The Wise Seeker
the wise seeker s.l,The Wise Seeker
the workshop,The Workshop
tigloo,Tigloo
tigloo,Tigloo
top doctors,Top Doctors
top seo,Top SEO
trentia,Trentia Consulting
trentia consulting,Trentia Consulting
triangle talent - solutions rrhh (españa),Triangle Talent Solutions
triangle talent solutions,Triangle Talent Solutions
troop,Troop
troop,Troop
trs staffing,TRS Staffing Solutions
trs staffing solutions,TRS Staffing Solutions
trs staffing solutions,TRS Staffing Solutions
tui,TUI Group
tui group,TUI Group
tuyú technology,Tuyú Technology
tuyú technology,Tuyú Technology
unitel,Unitel
unitel s.l.,Unitel
universidad alfonso x el sabio,Universidad Alfonso X El Sabio
universidad católica san antonio de murcia,Universidad Católica San Antonio de Murcia
universidad de murcia,Universidad de Murcia
universidad europea,Universidad Europea
universidad politécnica de madrid,Universidad Politécnica de Madrid
universitat de valència,Universitat de València
universitat de valència,Universitat de València
ust,UST Global
ust españa & latam,UST Global
ust global,UST Global
ust logistical systems,UST Global
valora,Valora Recursos Humanos
valora recursos humanos,Valora Recursos Humanos
vass,VASS
vass,VASS
vass consultoría de sistemas,VASS
vass latam,VASS
vass media,VASS
velatia,VETALIA Careers and Employment
velatia careers,VETALIA Careers and Employment
veolia,Veolia
veolia environnement sa,Veolia
viajes para ti,Viajes Para Ti
viajes para ti,Viajes Para Ti
vicente,vicente
vicente ferrer,vicente
vinci,VINCI Energies
vinci energies,VINCI Energies
viseo,Viseo
viseo,Viseo
viseo - spain,Viseo
viseo iberia,Viseo
vista,Vista Animations
vista animations sl,Vista Animations
voiping,Voiping US
voiping us,Voiping US
víctor,víctor
víctor,víctor
víctor manuel,víctor
walters people,Walters People
walters people spain,Walters People
we are love sl,We Are Love
we are metodica sl,We Are Metodica
we bring strategy consultants,We Bring
we formacion s.l.,We Formación
webhelp,Webhelp
webhelp,Webhelp
weewoo,Weewoo
weewoo sl,Weewoo
wefox,Wefox Group
wefox 56 ag,Wefox Group
wefox group,Wefox Group
winche redes comerciales,Winche Redes Comerciales
winche redes comerciales,Winche Redes Comerciales
winning,Winning Consulting
winning consulting,Winning Consulting
winning scientific management spain,Winning Consulting
winning spain,Winning Consulting
ysondos,ySondos
ysondos,ySondos
zaidan it consulting,Zaidan It Solutions
zaidan it consulting,Zaidan It Solutions
zemsania,Zemsania Global Group
zemsania global group,Zemsania Global Group
zurich insurance,Zurich Insurance Group
zurich insurance company ltd.,Zurich Insurance Group
